<?xml version='1.0' encoding='UTF-8'?>
<beans xmlns="http://www.springframework.org/schema/beans"
       xmlns:xsi="http://www.w3.org/2001/XMLSchema-instance"
       xsi:schemaLocation="http://www.springframework.org/schema/beans
         http://www.springframework.org/schema/beans/spring-beans.xsd">

  

   <bean id="custom.config" class="org.springframework.extensions.config.ConfigBootstrap" init-method="register">
      <property name="configService" ref="web.config" />
      <property name="configs">
         <list>
            
           
            <!-- <value>classpath:alfresco/web-extension/multiselect-share-config-custom.xml</value> -->
            <value>classpath:alfresco/web-extension/multiselect-demo-config</value>
       
         </list>
      </property>
   </bean>

</beans>