<extension>
	<modules>
		<module>
			<id>alfresco-base-share - Example Aikau Widgets</id>
			<version>1.0</version>
			<auto-deploy>true</auto-deploy>
			<configurations>
				<config evaluator="string-compare" condition="WebFramework"
					replace="false">
					<web-framework>
						<dojo-pages>
							<packages>
								<package name="tutorials"
									location="resources/alfresco-base-share/js/tutorials" />
							</packages>
						</dojo-pages>
					</web-framework>
				</config>
			</configurations>
		</module>

		<!-- added by Shweta -->
		<module>
			<id>Add a new menu item to Create... menu in DocLib</id>
			<version>1.0</version>
			<auto-deploy>true</auto-deploy>
			<configurations>
				<config evaluator="string-compare" condition="DocumentLibrary">
					<create-content>
						<content id="ne-plain-text" label="Non-Electronic Document"
							icon="text" type="pagelink">
							<param name="page">create-content?destination={nodeRef}&amp;itemId=sr:generalDoc&amp;mimeType=text/plain&amp;formId=nonelectronic
							</param>
						</content>
					</create-content>
					<create-content>
						<content id="electronic-plain-text" label="Electronic Document"
							icon="text" type="pagelink">
							<param name="page">create-content?destination={nodeRef}&amp;itemId=sr:generalDoc&amp;mimeType=text/plain&amp;formId=electronic
							</param>
						</content>
					</create-content>
				</config>

				<!-- <config evaluator="model-type" condition="sr:nonelecDoc"> <forms> 
					<form> <field-visibility> <show id="sr:boxNumber" force="true"/> <show id="sr:buildingNum" 
					force="true"/> </field-visibility> <appearance> <field id="sr:boxNumber"> 
					<control template="/org/alfresco/components/form/controls/textfield.ftl"/> 
					</field> <field id="sr:buildingNum"> <control template="/org/alfresco/components/form/controls/textfield.ftl"/> 
					</field> </appearance> </form> </forms> </config> <config evaluator="node-type" 
					condition="sr:nonelecDoc"> <forms> <form> <field-visibility> <show id="sr:boxNumber" 
					force="true"/> </field-visibility> <appearance> <field id="sr:boxNumber"> 
					<control template="/org/alfresco/components/form/controls/textfield.ftl"/> 
					</field> </appearance> </form> </forms> </config> -->
			</configurations>
		</module>
		<!-- done -->

		<!-- added for upload button -->
		<module>
			<id>Custom DocumentList Widget</id>
			<description>Instantiate a custom DocumentList widget</description>
			<auto-deploy>true</auto-deploy>
			<customizations>
				<customization>
					<targetPackageRoot>org.alfresco.components.documentlibrary
					</targetPackageRoot>
					<sourcePackageRoot>com.swiss.re.components.documentlibrary.customization
					</sourcePackageRoot>
				</customization>
			</customizations>
		</module>
		<!-- done with upload button -->
	</modules>
</extension>

